node	site	state	pp
Node1	1	Y	0.4241
Node1	2	P	0.9520
Node1	3	E	0.7718
Node1	4	V	0.4626
Node1	5	G	0.9126
Node1	6	D	0.9033
Node1	7	V	0.8055
Node1	8	V	0.6336
Node1	9	K	0.4304
Node1	10	G	0.9203
Node1	11	K	0.3274
Node1	12	V	0.9878
Node1	13	L	0.4570
Node1	14	S	0.2800
Node1	15	I	0.7690
Node1	16	A	0.5561
Node1	17	P	0.3243
Node1	18	S	0.1150
Node1	19	E	0.4639
Node1	20	F	0.4974
Node1	21	G	0.9809
Node1	22	A	0.7292
Node1	23	Y	0.8662
Node1	24	V	0.9070
Node1	25	H	0.7222
Node1	26	L	0.8592
Node1	27	L	0.4773
Node1	28	E	0.5077
Node1	29	Y	0.9088
Node1	30	N	0.4122
Node1	31	N	0.7365
Node1	32	I	0.5280
Node1	33	E	0.9066
Node1	34	G	0.9822
Node1	35	M	0.4754
Node1	36	I	0.8377
Node1	37	L	0.3236
Node1	38	L	0.5352
Node1	39	S	0.9957
Node1	40	V	0.3636
Node1	41	E	0.9004
Node1	42	L	0.8808
Node1	43	S	0.9386
Node1	44	R	0.3814
Node1	45	R	0.5297
Node1	46	R	0.8773
Node1	47	I	0.5200
Node1	48	K	0.2849
Node1	49	F	0.4890
Node1	50	D	0.2452
Node1	51	A	0.1641
Node1	52	N	0.4143
Node1	53	R	0.1089
Node1	54	E	0.1606
Node1	55	G	0.1511
Node1	56	L	0.1051
Node1	57	L	0.2801
Node1	58	L	0.2004
Node1	59	G	0.2042
Node1	60	E	0.4841
Node1	61	S	0.3575
Node1	62	P	0.1757
Node1	63	N	0.7557
Node1	64	K	0.7338
Node1	65	L	0.7022
Node1	66	I	0.5890
Node1	67	R	0.6233
Node1	68	V	0.9230
Node1	69	G	0.9993
Node1	70	K	0.7882
Node1	71	D	0.1563
Node1	72	E	0.1082
Node1	73	T	0.7189
Node1	74	V	0.7794
Node1	75	P	0.4839
Node1	76	V	0.9634
Node1	77	K	0.8102
Node1	78	V	0.9876
Node1	79	I	0.6185
Node1	80	R	0.8265
Node1	81	V	0.9660
Node1	82	D	0.9929
Node1	83	K	0.6907
Node1	84	E	0.5968
Node1	85	K	0.7602
Node1	86	G	0.9980
Node1	87	Y	0.9422
Node1	88	I	0.9773
Node1	89	D	0.8627
Node1	90	L	0.9404
Node1	91	S	0.9531
Node1	92	K	0.5100
Node1	93	R	0.7384
Node2	1	Q	0.2798
Node2	2	L	0.4898
Node2	3	E	0.8502
Node2	4	V	0.8447
Node2	5	G	0.9995
Node2	6	D	0.6549
Node2	7	V	0.6691
Node2	8	V	0.5295
Node2	9	K	0.4994
Node2	10	G	0.9998
Node2	11	K	0.5777
Node2	12	V	0.9979
Node2	13	T	0.9528
Node2	14	K	0.4395
Node2	15	I	0.7600
Node2	16	T	0.7184
Node2	17	P	0.4041
Node2	18	N	0.1518
Node2	19	N	0.6016
Node2	20	F	0.7325
Node2	21	G	0.9989
Node2	22	A	0.7327
Node2	23	F	0.9207
Node2	24	V	0.9975
Node2	25	E	0.4909
Node2	26	I	0.8817
Node2	27	G	0.8960
Node2	28	D	0.2761
Node2	29	Y	0.3304
Node2	30	N	0.1896
Node2	31	G	0.9712
Node2	32	V	0.5154
Node2	33	E	0.7206
Node2	34	G	0.9999
Node2	35	L	0.8274
Node2	36	I	0.6128
Node2	37	P	0.5440
Node2	38	I	0.7354
Node2	39	S	0.9995
Node2	40	V	0.2468
Node2	41	E	0.9782
Node2	42	L	0.9185
Node2	43	S	0.9777
Node2	44	N	0.2938
Node2	45	K	0.7591
Node2	46	H	0.9759
Node2	47	V	0.7594
Node2	48	K	0.3866
Node2	49	F	0.6709
Node2	50	D	0.3973
Node2	51	A	0.2209
Node2	52	N	0.6630
Node2	53	R	0.1477
Node2	54	E	0.1889
Node2	55	G	0.1983
Node2	56	A	0.1067
Node2	57	L	0.3865
Node2	58	L	0.2173
Node2	59	G	0.5430
Node2	60	E	0.9003
Node2	61	N	0.4128
Node2	62	P	0.9220
Node2	63	N	0.8495
Node2	64	D	0.6142
Node2	65	V	0.5966
Node2	66	V	0.5214
Node2	67	K	0.8670
Node2	68	V	0.9609
Node2	69	G	1.0000
Node2	70	D	0.9204
Node2	71	D	0.1991
Node2	72	D	0.1335
Node2	73	E	0.9690
Node2	74	V	0.9233
Node2	75	E	0.3636
Node2	76	V	0.9659
Node2	77	K	0.9914
Node2	78	V	0.9973
Node2	79	L	0.5513
Node2	80	K	0.4365
Node2	81	V	0.9790
Node2	82	D	0.9900
Node2	83	K	0.7273
Node2	84	D	0.8186
Node2	85	R	0.7951
Node2	86	G	0.9932
Node2	87	R	0.9815
Node2	88	I	0.9453
Node2	89	S	0.4223
Node2	90	L	0.9990
Node2	91	S	0.9995
Node2	92	K	0.3683
Node2	93	K	0.6367
Node3	1	E	0.2595
Node3	2	L	0.4467
Node3	3	E	0.8420
Node3	4	V	0.7517
Node3	5	G	0.9993
Node3	6	D	0.7293
Node3	7	V	0.7161
Node3	8	V	0.6274
Node3	9	K	0.6007
Node3	10	G	0.9999
Node3	11	K	0.4055
Node3	12	V	0.9964
Node3	13	T	0.9466
Node3	14	K	0.5029
Node3	15	I	0.5060
Node3	16	T	0.5550
Node3	17	P	0.4234
Node3	18	N	0.1632
Node3	19	N	0.3984
Node3	20	G	0.1650
Node3	21	G	0.9928
Node3	22	V	0.6644
Node3	23	F	0.7292
Node3	24	V	0.9979
Node3	25	D	0.4934
Node3	26	I	0.9235
Node3	27	G	0.8798
Node3	28	N	0.2944
Node3	29	Y	0.2962
Node3	30	N	0.1664
Node3	31	G	0.9661
Node3	32	V	0.4688
Node3	33	E	0.7402
Node3	34	G	1.0000
Node3	35	L	0.6519
Node3	36	I	0.7792
Node3	37	P	0.9970
Node3	38	I	0.5859
Node3	39	S	0.9966
Node3	40	V	0.2320
Node3	41	E	0.9597
Node3	42	L	0.8995
Node3	43	S	0.9899
Node3	44	S	0.3295
Node3	45	K	0.6760
Node3	46	H	0.9805
Node3	47	V	0.7576
Node3	48	K	0.3608
Node3	49	F	0.6172
Node3	50	D	0.3351
Node3	51	A	0.2296
Node3	52	N	0.6595
Node3	53	R	0.1351
Node3	54	E	0.1960
Node3	55	G	0.1843
Node3	56	A	0.1125
Node3	57	L	0.3331
Node3	58	L	0.2106
Node3	59	G	0.4559
Node3	60	E	0.8745
Node3	61	N	0.3642
Node3	62	P	0.9347
Node3	63	N	0.7927
Node3	64	D	0.7098
Node3	65	V	0.5673
Node3	66	V	0.5319
Node3	67	K	0.8787
Node3	68	V	0.9496
Node3	69	G	0.9998
Node3	70	D	0.9096
Node3	71	D	0.1888
Node3	72	D	0.1270
Node3	73	E	0.9763
Node3	74	V	0.8128
Node3	75	E	0.4301
Node3	76	V	0.8649
Node3	77	K	0.9857
Node3	78	V	0.9924
Node3	79	L	0.5057
Node3	80	K	0.5254
Node3	81	V	0.9555
Node3	82	D	0.9499
Node3	83	K	0.6727
Node3	84	D	0.8388
Node3	85	R	0.7673
Node3	86	G	0.9815
Node3	87	R	0.9739
Node3	88	I	0.6069
Node3	89	V	0.4649
Node3	90	L	0.9993
Node3	91	S	0.9997
Node3	92	K	0.4241
Node3	93	K	0.5557
Node4	1	E	0.2601
Node4	2	L	0.3305
Node4	3	E	0.7503
Node4	4	V	0.4858
Node4	5	G	0.9401
Node4	6	D	0.5851
Node4	7	V	0.5400
Node4	8	V	0.6209
Node4	9	K	0.5220
Node4	10	G	0.9895
Node4	11	E	0.3367
Node4	12	V	0.9850
Node4	13	T	0.5938
Node4	14	K	0.2121
Node4	15	V	0.6522
Node4	16	T	0.4791
Node4	17	P	0.3846
Node4	18	N	0.1410
Node4	19	K	0.3920
Node4	20	G	0.3708
Node4	21	G	0.9988
Node4	22	V	0.5128
Node4	23	L	0.3650
Node4	24	V	0.9910
Node4	25	D	0.4084
Node4	26	I	0.8813
Node4	27	G	0.3763
Node4	28	D	0.2663
Node4	29	Y	0.2741
Node4	30	E	0.1674
Node4	31	G	0.9950
Node4	32	V	0.3267
Node4	33	E	0.3060
Node4	34	G	0.9997
Node4	35	F	0.8746
Node4	36	I	0.7998
Node4	37	P	0.9999
Node4	38	A	0.3724
Node4	39	S	0.9845
Node4	40	V	0.2066
Node4	41	E	0.4476
Node4	42	L	0.4607
Node4	43	S	0.9757
Node4	44	S	0.2862
Node4	45	R	0.4947
Node4	46	H	0.8678
Node4	47	V	0.6977
Node4	48	K	0.3122
Node4	49	F	0.5170
Node4	50	D	0.2579
Node4	51	A	0.2008
Node4	52	N	0.6035
Node4	53	R	0.1188
Node4	54	E	0.2127
Node4	55	G	0.1579
Node4	56	A	0.1064
Node4	57	L	0.2710
Node4	58	L	0.2265
Node4	59	G	0.3527
Node4	60	E	0.7272
Node4	61	D	0.4446
Node4	62	P	0.8839
Node4	63	N	0.3884
Node4	64	D	0.7479
Node4	65	V	0.2792
Node4	66	V	0.4289
Node4	67	K	0.7814
Node4	68	V	0.8054
Node4	69	G	0.9950
Node4	70	E	0.4497
Node4	71	D	0.1703
Node4	72	D	0.1154
Node4	73	E	0.9047
Node4	74	V	0.4279
Node4	75	E	0.3183
Node4	76	L	0.4429
Node4	77	K	0.9766
Node4	78	V	0.9146
Node4	79	L	0.5006
Node4	80	E	0.4455
Node4	81	V	0.7490
Node4	82	D	0.9796
Node4	83	K	0.6743
Node4	84	D	0.8288
Node4	85	R	0.8197
Node4	86	G	0.4535
Node4	87	R	0.9434
Node4	88	I	0.5319
Node4	89	V	0.5264
Node4	90	L	0.9960
Node4	91	S	0.9970
Node4	92	H	0.2995
Node4	93	R	0.5767
Node5	1	K	0.4190
Node5	2	F	0.4025
Node5	3	E	0.7609
Node5	4	T	0.3931
Node5	5	D	0.7521
Node5	6	E	0.6771
Node5	7	V	0.5078
Node5	8	V	0.7047
Node5	9	K	0.4947
Node5	10	G	0.8304
Node5	11	E	0.8185
Node5	12	V	0.9962
Node5	13	I	0.3391
Node5	14	D	0.2887
Node5	15	V	0.8366
Node5	16	T	0.4291
Node5	17	P	0.3414
Node5	18	S	0.1206
Node5	19	K	0.5994
Node5	20	G	0.9883
Node5	21	G	1.0000
Node5	22	L	0.3714
Node5	23	L	0.5098
Node5	24	V	0.9951
Node5	25	D	0.4332
Node5	26	I	0.9462
Node5	27	E	0.4000
Node5	28	D	0.2729
Node5	29	Y	0.2398
Node5	30	E	0.2184
Node5	31	G	0.9998
Node5	32	L	0.4376
Node5	33	R	0.8383
Node5	34	G	0.9997
Node5	35	F	0.9976
Node5	36	I	0.9658
Node5	37	P	1.0000
Node5	38	A	0.7851
Node5	39	S	0.9971
Node5	40	V	0.1815
Node5	41	H	0.3929
Node5	42	I	0.5299
Node5	43	S	0.9494
Node5	44	T	0.4481
Node5	45	R	0.8066
Node5	46	R	0.5254
Node5	47	V	0.7212
Node5	48	E	0.2658
Node5	49	F	0.4054
Node5	50	D	0.1858
Node5	51	A	0.1710
Node5	52	N	0.5553
Node5	53	R	0.1032
Node5	54	E	0.2391
Node5	55	N	0.1429
Node5	56	L	0.1111
Node5	57	L	0.2080
Node5	58	L	0.2436
Node5	59	G	0.2489
Node5	60	E	0.4871
Node5	61	D	0.6274
Node5	62	P	0.3589
Node5	63	T	0.2709
Node5	64	D	0.8781
Node5	65	L	0.3626
Node5	66	V	0.2454
Node5	67	K	0.6235
Node5	68	V	0.7517
Node5	69	G	0.9999
Node5	70	E	0.6934
Node5	71	E	0.1514
Node5	72	E	0.1068
Node5	73	E	0.9164
Node5	74	L	0.5127
Node5	75	P	0.4042
Node5	76	L	0.7254
Node5	77	K	0.9778
Node5	78	V	0.7321
Node5	79	L	0.4342
Node5	80	E	0.9548
Node5	81	V	0.6973
Node5	82	D	0.9954
Node5	83	K	0.6707
Node5	84	D	0.9058
Node5	85	R	0.8621
Node5	86	N	0.9414
Node5	87	R	0.9547
Node5	88	I	0.4806
Node5	89	V	0.7066
Node5	90	L	0.9983
Node5	91	S	0.9993
Node5	92	H	0.6732
Node5	93	R	0.9263
Node6	1	K	0.3800
Node6	2	F	0.3359
Node6	3	E	0.4541
Node6	4	T	0.2908
Node6	5	D	0.8267
Node6	6	A	0.5055
Node6	7	V	0.3939
Node6	8	V	0.7298
Node6	9	K	0.3897
Node6	10	G	0.4420
Node6	11	E	0.8985
Node6	12	V	0.9936
Node6	13	I	0.3263
Node6	14	D	0.2392
Node6	15	V	0.7830
Node6	16	N	0.5453
Node6	17	P	0.3260
Node6	18	S	0.1155
Node6	19	R	0.5252
Node6	20	G	0.9963
Node6	21	G	0.9999
Node6	22	V	0.3467
Node6	23	L	0.6228
Node6	24	V	0.9948
Node6	25	R	0.5120
Node6	26	I	0.9276
Node6	27	E	0.5106
Node6	28	D	0.2795
Node6	29	Y	0.2233
Node6	30	E	0.2422
Node6	31	G	0.9994
Node6	32	L	0.5143
Node6	33	R	0.8508
Node6	34	G	0.9956
Node6	35	F	0.9983
Node6	36	I	0.9807
Node6	37	P	1.0000
Node6	38	A	0.6295
Node6	39	S	0.9873
Node6	40	V	0.1734
Node6	41	H	0.5293
Node6	42	I	0.6289
Node6	43	S	0.9661
Node6	44	T	0.5383
Node6	45	R	0.8158
Node6	46	R	0.5355
Node6	47	A	0.4973
Node6	48	E	0.2987
Node6	49	F	0.3652
Node6	50	E	0.1679
Node6	51	A	0.1608
Node6	52	N	0.5423
Node6	53	P	0.1164
Node6	54	E	0.2516
Node6	55	D	0.1452
Node6	56	L	0.1135
Node6	57	L	0.1864
Node6	58	L	0.2505
Node6	59	G	0.2147
Node6	60	K	0.4290
Node6	61	E	0.5222
Node6	62	P	0.2998
Node6	63	T	0.2115
Node6	64	D	0.8812
Node6	65	L	0.4921
Node6	66	F	0.2130
Node6	67	K	0.5848
Node6	68	V	0.8143
Node6	69	G	0.9998
Node6	70	E	0.7789
Node6	71	E	0.1473
Node6	72	E	0.1050
Node6	73	E	0.9080
Node6	74	L	0.5505
Node6	75	P	0.4567
Node6	76	L	0.7416
Node6	77	K	0.9726
Node6	78	V	0.6606
Node6	79	L	0.5144
Node6	80	E	0.9606
Node6	81	V	0.7844
Node6	82	D	0.9861
Node6	83	K	0.5468
Node6	84	D	0.8987
Node6	85	R	0.8651
Node6	86	N	0.9398
Node6	87	R	0.9513
Node6	88	I	0.4850
Node6	89	V	0.7616
Node6	90	L	0.9964
Node6	91	S	0.9977
Node6	92	H	0.7295
Node6	93	R	0.9306
Node7	1	K	0.3740
Node7	2	L	0.4275
Node7	3	R	0.1873
Node7	4	K	0.2695
Node7	5	N	0.5080
Node7	6	A	0.6393
Node7	7	V	0.3560
Node7	8	V	0.4157
Node7	9	S	0.2094
Node7	10	A	0.9207
Node7	11	E	0.8877
Node7	12	V	0.9153
Node7	13	I	0.4490
Node7	14	D	0.3709
Node7	15	V	0.7591
Node7	16	N	0.5531
Node7	17	P	0.2533
Node7	18	S	0.0948
Node7	19	R	0.4489
Node7	20	G	0.9875
Node7	21	G	0.9992
Node7	22	I	0.3597
Node7	23	R	0.2931
Node7	24	V	0.9776
Node7	25	R	0.7107
Node7	26	L	0.8290
Node7	27	V	0.3875
Node7	28	D	0.4041
Node7	29	H	0.5178
Node7	30	E	0.4635
Node7	31	G	0.9475
Node7	32	V	0.4285
Node7	33	T	0.4411
Node7	34	A	0.8447
Node7	35	F	0.9919
Node7	36	I	0.9708
Node7	37	P	0.9894
Node7	38	A	0.5379
Node7	39	A	0.8055
Node7	40	L	0.1507
Node7	41	D	0.1963
Node7	42	L	0.8258
Node7	43	S	0.8185
Node7	44	R	0.1767
Node7	45	N	0.2137
Node7	46	R	0.7802
Node7	47	D	0.5389
Node7	48	E	0.5677
Node7	49	L	0.4805
Node7	50	E	0.1374
Node7	51	C	0.2314
Node7	52	N	0.5301
Node7	53	P	0.2326
Node7	54	E	0.3573
Node7	55	E	0.1999
Node7	56	G	0.1625
Node7	57	A	0.1947
Node7	58	L	0.3021
Node7	59	Q	0.1214
Node7	60	E	0.4138
Node7	61	K	0.2667
Node7	62	G	0.2610
Node7	63	E	0.2737
Node7	64	E	0.4668
Node7	65	L	0.1877
Node7	66	F	0.5663
Node7	67	K	0.5468
Node7	68	V	0.7482
Node7	69	G	0.9925
Node7	70	E	0.5048
Node7	71	E	0.1279
Node7	72	E	0.0961
Node7	73	T	0.3495
Node7	74	V	0.5498
Node7	75	D	0.4949
Node7	76	V	0.6403
Node7	77	K	0.6715
Node7	78	V	0.6049
Node7	79	T	0.4015
Node7	80	E	0.6906
Node7	81	V	0.6768
Node7	82	S	0.3071
Node7	83	K	0.5168
Node7	84	E	0.4049
Node7	85	T	0.1716
Node7	86	R	0.7974
Node7	87	K	0.4679
Node7	88	I	0.8497
Node7	89	V	0.4629
Node7	90	L	0.9099
Node7	91	S	0.9005
Node7	92	I	0.3756
Node7	93	R	0.4735
Node8	1	K	0.8067
Node8	2	V	0.4523
Node8	3	G	0.4339
Node8	4	T	0.4883
Node8	5	D	0.5000
Node8	6	A	0.5579
Node8	7	R	0.2570
Node8	8	F	0.9146
Node8	9	E	0.3357
Node8	10	A	0.9919
Node8	11	E	0.9473
Node8	12	V	0.7449
Node8	13	V	0.5392
Node8	14	D	0.8821
Node8	15	V	0.6102
Node8	16	S	0.4351
Node8	17	P	0.2135
Node8	18	A	0.0878
Node8	19	R	0.8807
Node8	20	G	0.9275
Node8	21	G	0.9997
Node8	22	L	0.5186
Node8	23	R	0.9077
Node8	24	V	0.9896
Node8	25	R	0.6827
Node8	26	L	0.9691
Node8	27	V	0.3757
Node8	28	D	0.5835
Node8	29	N	0.9113
Node8	30	E	0.2994
Node8	31	G	0.9977
Node8	32	A	0.7945
Node8	33	T	0.3670
Node8	34	A	0.8952
Node8	35	F	0.9964
Node8	36	I	0.9873
Node8	37	P	0.9999
Node8	38	A	0.9004
Node8	39	A	0.8370
Node8	40	L	0.1464
Node8	41	T	0.3017
Node8	42	L	0.9633
Node8	43	H	0.9825
Node8	44	A	0.2178
Node8	45	N	0.3412
Node8	46	R	0.7025
Node8	47	D	0.5882
Node8	48	E	0.9447
Node8	49	L	0.5989
Node8	50	Q	0.2816
Node8	51	C	0.4269
Node8	52	N	0.6124
Node8	53	P	0.3674
Node8	54	E	0.5006
Node8	55	N	0.2973
Node8	56	G	0.2578
Node8	57	T	0.3716
Node8	58	L	0.3756
Node8	59	Q	0.2791
Node8	60	I	0.6062
Node8	61	K	0.8201
Node8	62	G	0.9472
Node8	63	E	0.8572
Node8	64	R	0.2081
Node8	65	V	0.3457
Node8	66	Y	0.9155
Node8	67	K	0.8939
Node8	68	V	0.6292
Node8	69	G	0.9225
Node8	70	D	0.9011
Node8	71	E	0.1172
Node8	72	E	0.0912
Node8	73	V	0.3518
Node8	74	V	0.5140
Node8	75	D	0.4548
Node8	76	V	0.9441
Node8	77	K	0.7871
Node8	78	I	0.6909
Node8	79	T	0.4185
Node8	80	E	0.9444
Node8	81	V	0.9365
Node8	82	K	0.5166
Node8	83	E	0.3178
Node8	84	E	0.5871
Node8	85	T	0.8277
Node8	86	R	0.9603
Node8	87	S	0.3495
Node8	88	I	0.8716
Node8	89	V	0.5887
Node8	90	G	0.3952
Node8	91	E	0.4648
Node8	92	I	0.4890
Node8	93	L	0.4095
Node9	1	K	0.5998
Node9	2	F	0.5735
Node9	3	E	0.9566
Node9	4	T	0.5050
Node9	5	D	0.7309
Node9	6	E	0.9447
Node9	7	V	0.5642
Node9	8	V	0.6735
Node9	9	K	0.5387
Node9	10	G	0.8382
Node9	11	E	0.7925
Node9	12	V	0.9944
Node9	13	I	0.4402
Node9	14	D	0.5400
Node9	15	V	0.9492
Node9	16	V	0.8913
Node9	17	P	0.3113
Node9	18	S	0.1109
Node9	19	K	0.8967
Node9	20	G	0.9992
Node9	21	G	0.9999
Node9	22	L	0.8997
Node9	23	I	0.4956
Node9	24	V	0.9798
Node9	25	D	0.9136
Node9	26	I	0.9710
Node9	27	E	0.3293
Node9	28	D	0.2129
Node9	29	Y	0.2102
Node9	30	E	0.1955
Node9	31	G	0.9999
Node9	32	L	0.4027
Node9	33	R	0.9586
Node9	34	G	0.9998
Node9	35	F	0.9993
Node9	36	I	0.9088
Node9	37	P	1.0000
Node9	38	A	0.9445
Node9	39	S	0.9994
Node9	40	V	0.1659
Node9	41	L	0.8072
Node9	42	V	0.8381
Node9	43	E	0.9379
Node9	44	A	0.3904
Node9	45	R	0.8515
Node9	46	R	0.5965
Node9	47	V	0.8642
Node9	48	E	0.2382
Node9	49	F	0.3584
Node9	50	D	0.1613
Node9	51	A	0.1529
Node9	52	N	0.4552
Node9	53	R	0.0953
Node9	54	E	0.2172
Node9	55	E	0.1285
Node9	56	L	0.1094
Node9	57	L	0.1931
Node9	58	L	0.2267
Node9	59	G	0.2131
Node9	60	E	0.4595
Node9	61	D	0.9269
Node9	62	L	0.5136
Node9	63	T	0.4647
Node9	64	D	0.8516
Node9	65	Y	0.7702
Node9	66	L	0.2109
Node9	67	K	0.4696
Node9	68	I	0.4814
Node9	69	G	0.9998
Node9	70	K	0.8745
Node9	71	E	0.1434
Node9	72	E	0.1032
Node9	73	E	0.8525
Node9	74	L	0.5530
Node9	75	P	0.3397
Node9	76	L	0.7854
Node9	77	K	0.9435
Node9	78	V	0.6564
Node9	79	I	0.4957
Node9	80	E	0.9858
Node9	81	L	0.9089
Node9	82	D	0.9988
Node9	83	K	0.6955
Node9	84	D	0.8336
Node9	85	R	0.8041
Node9	86	N	0.9841
Node9	87	R	0.8959
Node9	88	V	0.8140
Node9	89	V	0.6513
Node9	90	L	0.9977
Node9	91	S	0.9994
Node9	92	H	0.6682
Node9	93	R	0.9899
Node10	1	K	0.4325
Node10	2	F	0.4028
Node10	3	E	0.9784
Node10	4	K	0.4371
Node10	5	D	0.8140
Node10	6	E	0.9768
Node10	7	A	0.7014
Node10	8	V	0.8462
Node10	9	K	0.6595
Node10	10	G	0.9928
Node10	11	I	0.6087
Node10	12	V	0.9783
Node10	13	I	0.6796
Node10	14	E	0.5645
Node10	15	V	0.9564
Node10	16	V	0.9559
Node10	17	P	0.2903
Node10	18	S	0.1047
Node10	19	K	0.9517
Node10	20	G	0.9995
Node10	21	G	0.9999
Node10	22	L	0.9429
Node10	23	I	0.7070
Node10	24	V	0.8377
Node10	25	D	0.9715
Node10	26	I	0.9599
Node10	27	D	0.3825
Node10	28	D	0.1791
Node10	29	Y	0.1906
Node10	30	E	0.1807
Node10	31	G	0.9998
Node10	32	L	0.6123
Node10	33	R	0.9611
Node10	34	G	0.9965
Node10	35	F	0.9992
Node10	36	L	0.8753
Node10	37	P	1.0000
Node10	38	A	0.9480
Node10	39	S	0.9993
Node10	40	V	0.1557
Node10	41	L	0.8401
Node10	42	V	0.9347
Node10	43	E	0.9488
Node10	44	M	0.5652
Node10	45	R	0.9560
Node10	46	R	0.7766
Node10	47	V	0.8707
Node10	48	E	0.2202
Node10	49	F	0.3271
Node10	50	E	0.1507
Node10	51	A	0.1417
Node10	52	N	0.3925
Node10	53	R	0.0903
Node10	54	E	0.2026
Node10	55	E	0.1238
Node10	56	L	0.1081
Node10	57	L	0.1833
Node10	58	L	0.2145
Node10	59	G	0.1902
Node10	60	R	0.7918
Node10	61	D	0.9700
Node10	62	L	0.7544
Node10	63	Q	0.3839
Node10	64	P	0.9616
Node10	65	Y	0.8215
Node10	66	L	0.2105
Node10	67	K	0.3846
Node10	68	I	0.7594
Node10	69	G	0.9967
Node10	70	K	0.9176
Node10	71	E	0.1378
Node10	72	E	0.1007
Node10	73	E	0.8974
Node10	74	I	0.5560
Node10	75	E	0.4583
Node10	76	L	0.5562
Node10	77	K	0.9659
Node10	78	I	0.8614
Node10	79	I	0.7028
Node10	80	E	0.9785
Node10	81	L	0.9407
Node10	82	D	0.9988
Node10	83	K	0.8833
Node10	84	N	0.6694
Node10	85	R	0.9392
Node10	86	N	0.9771
Node10	87	N	0.8965
Node10	88	V	0.8541
Node10	89	V	0.8606
Node10	90	L	0.9879
Node10	91	S	0.9992
Node10	92	R	0.8740
Node10	93	R	0.9957
Node11	1	E	0.2278
Node11	2	L	0.4274
Node11	3	E	0.7957
Node11	4	V	0.7083
Node11	5	G	0.9999
Node11	6	D	0.8939
Node11	7	V	0.7201
Node11	8	V	0.7398
Node11	9	K	0.7458
Node11	10	G	1.0000
Node11	11	I	0.3016
Node11	12	V	0.9804
Node11	13	T	0.9707
Node11	14	K	0.7427
Node11	15	V	0.6322
Node11	16	E	0.6831
Node11	17	P	0.4587
Node11	18	N	0.1859
Node11	19	N	0.3085
Node11	20	D	0.2805
Node11	21	G	0.3897
Node11	22	V	0.8070
Node11	23	F	0.6412
Node11	24	V	0.9937
Node11	25	D	0.5530
Node11	26	I	0.9375
Node11	27	G	0.8891
Node11	28	N	0.4412
Node11	29	V	0.2931
Node11	30	D	0.1480
Node11	31	K	0.9395
Node11	32	V	0.3689
Node11	33	E	0.7806
Node11	34	G	1.0000
Node11	35	L	0.4316
Node11	36	I	0.8861
Node11	37	P	1.0000
Node11	38	I	0.5871
Node11	39	S	0.9676
Node11	40	V	0.2111
Node11	41	E	0.9868
Node11	42	L	0.9524
Node11	43	S	0.9902
Node11	44	S	0.4007
Node11	45	K	0.6367
Node11	46	H	0.9952
Node11	47	V	0.7224
Node11	48	K	0.3245
Node11	49	F	0.5539
Node11	50	D	0.2633
Node11	51	A	0.2415
Node11	52	N	0.6406
Node11	53	R	0.1137
Node11	54	E	0.1845
Node11	55	G	0.1678
Node11	56	A	0.1210
Node11	57	L	0.2756
Node11	58	L	0.1748
Node11	59	G	0.3678
Node11	60	E	0.8438
Node11	61	N	0.3181
Node11	62	P	0.9364
Node11	63	N	0.7618
Node11	64	D	0.7396
Node11	65	V	0.6675
Node11	66	V	0.5947
Node11	67	K	0.8955
Node11	68	V	0.9651
Node11	69	G	0.9961
Node11	70	D	0.9723
Node11	71	D	0.1737
Node11	72	D	0.1175
Node11	73	E	0.9834
Node11	74	V	0.7791
Node11	75	E	0.6041
Node11	76	V	0.8505
Node11	77	K	0.9286
Node11	78	V	0.9929
Node11	79	L	0.3534
Node11	80	K	0.8297
Node11	81	V	0.9461
Node11	82	E	0.8650
Node11	83	D	0.3864
Node11	84	D	0.7789
Node11	85	R	0.2643
Node11	86	G	0.9858
Node11	87	R	0.9183
Node11	88	L	0.8082
Node11	89	I	0.5171
Node11	90	L	0.9992
Node11	91	S	0.9991
Node11	92	K	0.6688
Node11	93	K	0.5369
Node12	1	E	0.2166
Node12	2	L	0.4247
Node12	3	E	0.5395
Node12	4	E	0.6537
Node12	5	G	0.9999
Node12	6	D	0.8887
Node12	7	V	0.6329
Node12	8	V	0.7346
Node12	9	K	0.7263
Node12	10	G	1.0000
Node12	11	I	0.2981
Node12	12	V	0.9246
Node12	13	T	0.9554
Node12	14	K	0.7256
Node12	15	V	0.6190
Node12	16	E	0.6348
Node12	17	P	0.4844
Node12	18	N	0.2042
Node12	19	K	0.4072
Node12	20	D	0.6280
Node12	21	A	0.3466
Node12	22	V	0.8006
Node12	23	F	0.6272
Node12	24	V	0.9759
Node12	25	D	0.7451
Node12	26	I	0.8977
Node12	27	G	0.9793
Node12	28	N	0.2348
Node12	29	V	0.2588
Node12	30	D	0.1410
Node12	31	K	0.9671
Node12	32	V	0.3736
Node12	33	E	0.8720
Node12	34	G	0.9999
Node12	35	L	0.4065
Node12	36	I	0.8776
Node12	37	P	1.0000
Node12	38	I	0.4299
Node12	39	K	0.3978
Node12	40	V	0.1993
Node12	41	E	0.9873
Node12	42	L	0.9353
Node12	43	S	0.9686
Node12	44	S	0.2613
Node12	45	K	0.6707
Node12	46	H	0.9805
Node12	47	V	0.5195
Node12	48	K	0.3037
Node12	49	F	0.5168
Node12	50	D	0.2244
Node12	51	A	0.2524
Node12	52	N	0.6335
Node12	53	Y	0.1080
Node12	54	E	0.1776
Node12	55	G	0.1576
Node12	56	A	0.1289
Node12	57	L	0.2429
Node12	58	L	0.1523
Node12	59	G	0.3174
Node12	60	E	0.6356
Node12	61	D	0.3242
Node12	62	P	0.9640
Node12	63	N	0.7782
Node12	64	D	0.6455
Node12	65	V	0.6493
Node12	66	V	0.5383
Node12	67	K	0.8460
Node12	68	V	0.9596
Node12	69	G	0.9996
Node12	70	D	0.9728
Node12	71	D	0.1649
Node12	72	D	0.1121
Node12	73	E	0.9766
Node12	74	V	0.8414
Node12	75	E	0.7127
Node12	76	V	0.9146
Node12	77	Y	0.3065
Node12	78	V	0.9829
Node12	79	L	0.3706
Node12	80	K	0.7978
Node12	81	V	0.8872
Node12	82	E	0.9397
Node12	83	D	0.4056
Node12	84	D	0.4363
Node12	85	A	0.2329
Node12	86	G	0.9916
Node12	87	R	0.8929
Node12	88	L	0.8230
Node12	89	I	0.4944
Node12	90	L	0.9986
Node12	91	S	0.9966
Node12	92	K	0.6628
Node12	93	K	0.6488
Node13	1	E	0.2756
Node13	2	L	0.4568
Node13	3	E	0.3622
Node13	4	E	0.8085
Node13	5	G	0.9981
Node13	6	D	0.6727
Node13	7	V	0.6491
Node13	8	V	0.5680
Node13	9	K	0.7756
Node13	10	G	0.9999
Node13	11	I	0.4062
Node13	12	V	0.9353
Node13	13	T	0.9656
Node13	14	K	0.5291
Node13	15	I	0.5547
Node13	16	E	0.6829
Node13	17	P	0.5308
Node13	18	N	0.2408
Node13	19	K	0.4957
Node13	20	D	0.6804
Node13	21	A	0.4853
Node13	22	V	0.6417
Node13	23	F	0.6455
Node13	24	V	0.9865
Node13	25	D	0.8027
Node13	26	I	0.6791
Node13	27	G	0.9940
Node13	28	L	0.1377
Node13	29	V	0.2182
Node13	30	D	0.1309
Node13	31	K	0.9559
Node13	32	V	0.4164
Node13	33	E	0.8906
Node13	34	G	0.9986
Node13	35	L	0.4291
Node13	36	I	0.6870
Node13	37	P	1.0000
Node13	38	L	0.4085
Node13	39	K	0.6717
Node13	40	V	0.1831
Node13	41	E	0.9785
Node13	42	L	0.7433
Node13	43	S	0.6443
Node13	44	A	0.3449
Node13	45	K	0.5037
Node13	46	H	0.7523
Node13	47	V	0.3457
Node13	48	K	0.2744
Node13	49	F	0.4639
Node13	50	P	0.2814
Node13	51	A	0.2764
Node13	52	N	0.6309
Node13	53	Y	0.1580
Node13	54	E	0.1675
Node13	55	S	0.1588
Node13	56	A	0.1472
Node13	57	L	0.1969
Node13	58	A	0.1421
Node13	59	G	0.2468
Node13	60	E	0.4096
Node13	61	N	0.2025
Node13	62	P	0.9205
Node13	63	N	0.6146
Node13	64	D	0.6063
Node13	65	V	0.4317
Node13	66	L	0.4584
Node13	67	K	0.8188
Node13	68	V	0.9077
Node13	69	G	0.9997
Node13	70	D	0.9292
Node13	71	D	0.1523
Node13	72	E	0.1072
Node13	73	E	0.9377
Node13	74	V	0.8313
Node13	75	E	0.7083
Node13	76	V	0.9515
Node13	77	Y	0.7621
Node13	78	V	0.9130
Node13	79	E	0.3091
Node13	80	K	0.7418
Node13	81	V	0.8013
Node13	82	E	0.9579
Node13	83	N	0.3749
Node13	84	A	0.2275
Node13	85	A	0.2197
Node13	86	G	0.9687
Node13	87	R	0.4114
Node13	88	A	0.8087
Node13	89	V	0.6370
Node13	90	L	0.9956
Node13	91	S	0.9679
Node13	92	K	0.4778
Node13	93	K	0.4331
Node14	1	E	0.3325
Node14	2	E	0.1589
Node14	3	K	0.5370
Node14	4	E	0.7878
Node14	5	G	0.9440
Node14	6	D	0.5813
Node14	7	V	0.4966
Node14	8	L	0.3058
Node14	9	K	0.6289
Node14	10	G	0.9998
Node14	11	V	0.3524
Node14	12	V	0.8585
Node14	13	T	0.9214
Node14	14	R	0.6810
Node14	15	I	0.5484
Node14	16	E	0.5662
Node14	17	P	0.6328
Node14	18	N	0.3413
Node14	19	R	0.3779
Node14	20	D	0.4162
Node14	21	A	0.4956
Node14	22	V	0.5805
Node14	23	F	0.8407
Node14	24	V	0.9820
Node14	25	D	0.7054
Node14	26	L	0.4650
Node14	27	G	0.9928
Node14	28	A	0.1533
Node14	29	V	0.1726
Node14	30	E	0.1206
Node14	31	K	0.8265
Node14	32	V	0.2426
Node14	33	E	0.7905
Node14	34	G	0.9529
Node14	35	F	0.5193
Node14	36	L	0.7997
Node14	37	P	1.0000
Node14	38	L	0.4350
Node14	39	K	0.6819
Node14	40	V	0.1603
Node14	41	E	0.9547
Node14	42	L	0.5297
Node14	43	S	0.4122
Node14	44	A	0.1649
Node14	45	K	0.3068
Node14	46	H	0.4472
Node14	47	F	0.1995
Node14	48	K	0.2324
Node14	49	F	0.3861
Node14	50	P	0.4368
Node14	51	A	0.3512
Node14	52	N	0.6561
Node14	53	Y	0.2838
Node14	54	E	0.1522
Node14	55	S	0.2309
Node14	56	A	0.2107
Node14	57	H	0.2070
Node14	58	G	0.2768
Node14	59	R	0.2585
Node14	60	Q	0.3668
Node14	61	N	0.2156
Node14	62	P	0.9122
Node14	63	N	0.5008
Node14	64	D	0.5386
Node14	65	V	0.3159
Node14	66	L	0.4415
Node14	67	K	0.5761
Node14	68	P	0.3560
Node14	69	G	0.9977
Node14	70	D	0.5770
Node14	71	E	0.1404
Node14	72	E	0.1018
Node14	73	E	0.6975
Node14	74	V	0.6462
Node14	75	E	0.2842
Node14	76	V	0.9459
Node14	77	Y	0.7736
Node14	78	I	0.6061
Node14	79	E	0.2571
Node14	80	K	0.8580
Node14	81	V	0.8643
Node14	82	E	0.9303
Node14	83	K	0.5029
Node14	84	S	0.2454
Node14	85	A	0.2045
Node14	86	K	0.6878
Node14	87	G	0.9270
Node14	88	A	0.8005
Node14	89	A	0.4195
Node14	90	L	0.9751
Node14	91	S	0.5802
Node14	92	T	0.2653
Node14	93	S	0.3914
Node15	1	K	0.4202
Node15	2	D	0.8531
Node15	3	K	0.5981
Node15	4	E	0.9603
Node15	5	G	0.9385
Node15	6	D	0.5450
Node15	7	V	0.5272
Node15	8	L	0.5678
Node15	9	T	0.8772
Node15	10	G	0.9999
Node15	11	V	0.5160
Node15	12	V	0.9825
Node15	13	T	0.8491
Node15	14	R	0.9339
Node15	15	V	0.5230
Node15	16	D	0.9519
Node15	17	P	0.4997
Node15	18	N	0.6446
Node15	19	R	0.5077
Node15	20	G	0.2669
Node15	21	N	0.3211
Node15	22	V	0.6797
Node15	23	F	0.7604
Node15	24	V	0.9936
Node15	25	E	0.5105
Node15	26	L	0.9514
Node15	27	G	0.9975
Node15	28	A	0.1050
Node15	29	L	0.1606
Node15	30	E	0.1124
Node15	31	K	0.6957
Node15	32	V	0.2427
Node15	33	E	0.9607
Node15	34	A	0.9506
Node15	35	F	0.4092
Node15	36	L	0.9880
Node15	37	P	1.0000
Node15	38	V	0.4374
Node15	39	N	0.5206
Node15	40	L	0.1506
Node15	41	E	0.9814
Node15	42	L	0.4136
Node15	43	A	0.3061
Node15	44	A	0.1139
Node15	45	K	0.1977
Node15	46	Y	0.3152
Node15	47	L	0.1933
Node15	48	K	0.1917
Node15	49	F	0.3083
Node15	50	P	0.3257
Node15	51	A	0.2258
Node15	52	N	0.4268
Node15	53	Y	0.1908
Node15	54	E	0.1361
Node15	55	S	0.1452
Node15	56	A	0.1319
Node15	57	L	0.1196
Node15	58	G	0.1970
Node15	59	R	0.1715
Node15	60	Q	0.9047
Node15	61	M	0.3182
Node15	62	P	0.9976
Node15	63	N	0.5553
Node15	64	E	0.9066
Node15	65	S	0.2483
Node15	66	Y	0.9139
Node15	67	K	0.5390
Node15	68	P	0.9937
Node15	69	G	0.9727
Node15	70	D	0.5244
Node15	71	E	0.1275
Node15	72	E	0.0960
Node15	73	R	0.8756
Node15	74	I	0.9009
Node15	75	K	0.8534
Node15	76	V	0.9802
Node15	77	Y	0.9896
Node15	78	I	0.7510
Node15	79	K	0.3845
Node15	80	K	0.9693
Node15	81	V	0.9736
Node15	82	E	0.7910
Node15	83	K	0.9019
Node15	84	S	0.5302
Node15	85	A	0.3911
Node15	86	K	0.9575
Node15	87	G	0.9979
Node15	88	P	0.9940
Node15	89	S	0.4493
Node15	90	L	0.8833
Node15	91	Y	0.3192
Node15	92	V	0.8148
Node15	93	S	0.9362
Node16	1	Q	0.3436
Node16	2	L	0.5539
Node16	3	E	0.8198
Node16	4	V	0.9207
Node16	5	G	1.0000
Node16	6	E	0.3100
Node16	7	V	0.5709
Node16	8	V	0.3731
Node16	9	Q	0.3514
Node16	10	G	1.0000
Node16	11	K	0.7113
Node16	12	V	0.9983
Node16	13	T	0.9951
Node16	14	K	0.3865
Node16	15	I	0.9169
Node16	16	T	0.9115
Node16	17	P	0.3846
Node16	18	N	0.1410
Node16	19	N	0.8732
Node16	20	F	0.9902
Node16	21	G	1.0000
Node16	22	A	0.9920
Node16	23	F	0.9961
Node16	24	V	0.9998
Node16	25	E	0.5661
Node16	26	I	0.8897
Node16	27	G	0.9625
Node16	28	G	0.3950
Node16	29	Y	0.2742
Node16	30	N	0.1674
Node16	31	G	0.9998
Node16	32	V	0.5991
Node16	33	E	0.5733
Node16	34	G	1.0000
Node16	35	L	0.9940
Node16	36	V	0.9709
Node16	37	H	0.9993
Node16	38	I	0.9275
Node16	39	S	1.0000
Node16	40	V	0.2309
Node16	41	E	0.9875
Node16	42	L	0.9160
Node16	43	S	0.9114
Node16	44	D	0.4885
Node16	45	K	0.9199
Node16	46	H	0.9837
Node16	47	V	0.8161
Node16	48	K	0.4166
Node16	49	F	0.7335
Node16	50	D	0.4765
Node16	51	S	0.2177
Node16	52	N	0.6710
Node16	53	R	0.1634
Node16	54	E	0.1819
Node16	55	G	0.2145
Node16	56	L	0.1016
Node16	57	L	0.4527
Node16	58	L	0.2229
Node16	59	G	0.7081
Node16	60	E	0.9605
Node16	61	N	0.4424
Node16	62	P	0.9254
Node16	63	N	0.8693
Node16	64	D	0.5903
Node16	65	V	0.7318
Node16	66	V	0.5444
Node16	67	K	0.8844
Node16	68	V	0.9701
Node16	69	G	1.0000
Node16	70	D	0.9896
Node16	71	D	0.2114
Node16	72	D	0.1415
Node16	73	E	0.9843
Node16	74	V	0.9861
Node16	75	E	0.3235
Node16	76	V	0.9969
Node16	77	K	0.9991
Node16	78	V	0.9997
Node16	79	L	0.6553
Node16	80	E	0.4723
Node16	81	V	0.9915
Node16	82	D	0.9975
Node16	83	K	0.7238
Node16	84	D	0.8305
Node16	85	R	0.8669
Node16	86	G	0.9867
Node16	87	R	0.9959
Node16	88	I	0.9975
Node16	89	S	0.7332
Node16	90	L	0.9999
Node16	91	S	1.0000
Node16	92	L	0.4865
Node16	93	K	0.9278
Node17	1	E	0.4747
Node17	2	I	0.6159
Node17	3	E	0.9628
Node17	4	V	0.9513
Node17	5	G	1.0000
Node17	6	Q	0.4006
Node17	7	V	0.6238
Node17	8	L	0.4179
Node17	9	Q	0.5340
Node17	10	G	1.0000
Node17	11	K	0.9623
Node17	12	V	0.9739
Node17	13	T	0.9961
Node17	14	R	0.5130
Node17	15	I	0.9745
Node17	16	T	0.9037
Node17	17	P	0.3664
Node17	18	N	0.1315
Node17	19	N	0.8562
Node17	20	F	0.9967
Node17	21	G	1.0000
Node17	22	A	0.9979
Node17	23	F	0.9983
Node17	24	V	0.9994
Node17	25	E	0.8300
Node17	26	I	0.8821
Node17	27	G	0.9266
Node17	28	G	0.8721
Node17	29	Y	0.2571
Node17	30	N	0.1494
Node17	31	G	1.0000
Node17	32	K	0.2909
Node17	33	E	0.5870
Node17	34	G	1.0000
Node17	35	L	0.9986
Node17	36	V	0.9943
Node17	37	H	1.0000
Node17	38	I	0.9578
Node17	39	S	0.9998
Node17	40	V	0.2170
Node17	41	E	0.9782
Node17	42	L	0.6509
Node17	43	A	0.9053
Node17	44	D	0.7559
Node17	45	K	0.9084
Node17	46	H	0.8669
Node17	47	V	0.8931
Node17	48	K	0.3866
Node17	49	F	0.6808
Node17	50	D	0.4200
Node17	51	A	0.1989
Node17	52	N	0.6012
Node17	53	G	0.1504
Node17	54	E	0.1754
Node17	55	G	0.2003
Node17	56	L	0.1037
Node17	57	L	0.4140
Node17	58	L	0.2223
Node17	59	G	0.6385
Node17	60	E	0.9216
Node17	61	N	0.3788
Node17	62	V	0.7115
Node17	63	N	0.8427
Node17	64	D	0.9158
Node17	65	V	0.4290
Node17	66	L	0.4457
Node17	67	K	0.8965
Node17	68	V	0.8775
Node17	69	G	1.0000
Node17	70	D	0.9824
Node17	71	D	0.1990
Node17	72	D	0.1335
Node17	73	E	0.9643
Node17	74	V	0.9780
Node17	75	E	0.3679
Node17	76	V	0.9973
Node17	77	K	0.9990
Node17	78	V	0.9994
Node17	79	L	0.5875
Node17	80	E	0.5277
Node17	81	V	0.9858
Node17	82	D	0.9847
Node17	83	K	0.7813
Node17	84	D	0.7413
Node17	85	R	0.7325
Node17	86	G	0.9994
Node17	87	R	0.9739
Node17	88	I	0.9940
Node17	89	S	0.5307
Node17	90	L	0.9997
Node17	91	S	0.9998
Node17	92	I	0.5615
Node17	93	K	0.9850
Node18	1	E	0.8939
Node18	2	I	0.7052
Node18	3	E	0.9891
Node18	4	V	0.9660
Node18	5	G	1.0000
Node18	6	Q	0.5503
Node18	7	V	0.6808
Node18	8	Y	0.9122
Node18	9	T	0.3913
Node18	10	G	1.0000
Node18	11	K	0.9880
Node18	12	V	0.9949
Node18	13	T	0.9826
Node18	14	R	0.9111
Node18	15	I	0.9892
Node18	16	T	0.6341
Node18	17	P	0.3474
Node18	18	S	0.1227
Node18	19	N	0.6413
Node18	20	F	0.9978
Node18	21	G	1.0000
Node18	22	A	0.9983
Node18	23	F	0.9986
Node18	24	V	0.9992
Node18	25	E	0.8534
Node18	26	I	0.9755
Node18	27	G	0.9329
Node18	28	G	0.8886
Node18	29	Y	0.2398
Node18	30	D	0.1354
Node18	31	G	0.9999
Node18	32	K	0.9046
Node18	33	E	0.6117
Node18	34	G	1.0000
Node18	35	L	0.9991
Node18	36	V	0.9982
Node18	37	H	1.0000
Node18	38	I	0.9714
Node18	39	S	0.9998
Node18	40	V	0.2035
Node18	41	E	0.8951
Node18	42	L	0.6028
Node18	43	A	0.9887
Node18	44	D	0.7673
Node18	45	K	0.9213
Node18	46	R	0.9195
Node18	47	V	0.9360
Node18	48	K	0.3571
Node18	49	F	0.6280
Node18	50	D	0.3681
Node18	51	A	0.1855
Node18	52	N	0.5341
Node18	53	G	0.1407
Node18	54	E	0.1686
Node18	55	G	0.1862
Node18	56	L	0.1052
Node18	57	L	0.3778
Node18	58	L	0.2193
Node18	59	G	0.5707
Node18	60	E	0.9216
Node18	61	K	0.8653
Node18	62	V	0.8780
Node18	63	N	0.4327
Node18	64	D	0.9802
Node18	65	V	0.4031
Node18	66	L	0.4858
Node18	67	K	0.8208
Node18	68	I	0.4259
Node18	69	G	1.0000
Node18	70	D	0.9084
Node18	71	D	0.1867
Node18	72	D	0.1256
Node18	73	E	0.9905
Node18	74	V	0.9328
Node18	75	P	0.5523
Node18	76	V	0.9973
Node18	77	K	0.9989
Node18	78	V	0.9992
Node18	79	L	0.6471
Node18	80	E	0.9172
Node18	81	V	0.9476
Node18	82	D	0.9979
Node18	83	K	0.6690
Node18	84	Q	0.8264
Node18	85	R	0.6138
Node18	86	G	0.9999
Node18	87	R	0.9947
Node18	88	I	0.9636
Node18	89	N	0.4083
Node18	90	L	0.9996
Node18	91	S	0.9998
Node18	92	I	0.6265
Node18	93	K	0.9960
Node19	1	Q	0.4081
Node19	2	L	0.6807
Node19	3	Q	0.6879
Node19	4	V	0.8939
Node19	5	G	1.0000
Node19	6	E	0.3478
Node19	7	I	0.5835
Node19	8	V	0.3565
Node19	9	E	0.5581
Node19	10	G	1.0000
Node19	11	K	0.6287
Node19	12	V	0.9997
Node19	13	T	0.9874
Node19	14	K	0.3940
Node19	15	I	0.9095
Node19	16	T	0.9219
Node19	17	P	0.3719
Node19	18	N	0.1343
Node19	19	N	0.9172
Node19	20	F	0.9978
Node19	21	G	1.0000
Node19	22	A	0.9986
Node19	23	F	0.9993
Node19	24	V	0.9999
Node19	25	D	0.5050
Node19	26	I	0.8669
Node19	27	G	0.9794
Node19	28	G	0.2973
Node19	29	L	0.2456
Node19	30	N	0.1546
Node19	31	G	1.0000
Node19	32	V	0.6757
Node19	33	D	0.5720
Node19	34	G	1.0000
Node19	35	L	0.9995
Node19	36	V	0.9974
Node19	37	H	1.0000
Node19	38	I	0.9367
Node19	39	S	1.0000
Node19	40	V	0.2211
Node19	41	E	0.9838
Node19	42	L	0.9620
Node19	43	S	0.9310
Node19	44	N	0.4553
Node19	45	K	0.9401
Node19	46	H	0.9993
Node19	47	V	0.7622
Node19	48	K	0.4390
Node19	49	F	0.7802
Node19	50	D	0.5407
Node19	51	S	0.2360
Node19	52	N	0.6793
Node19	53	G	0.1780
Node19	54	E	0.1773
Node19	55	G	0.2264
Node19	56	V	0.1037
Node19	57	L	0.5053
Node19	58	L	0.2253
Node19	59	G	0.8353
Node19	60	E	0.9830
Node19	61	N	0.4372
Node19	62	P	0.9991
Node19	63	N	0.8325
Node19	64	E	0.8532
Node19	65	V	0.8970
Node19	66	V	0.6517
Node19	67	K	0.8175
Node19	68	V	0.9879
Node19	69	G	1.0000
Node19	70	D	0.9968
Node19	71	D	0.2209
Node19	72	D	0.1477
Node19	73	E	0.9779
Node19	74	V	0.9961
Node19	75	K	0.5547
Node19	76	V	0.9992
Node19	77	K	0.9992
Node19	78	V	0.9998
Node19	79	L	0.7542
Node19	80	D	0.7373
Node19	81	V	0.9908
Node19	82	D	0.9996
Node19	83	M	0.6962
Node19	84	D	0.8457
Node19	85	R	0.9253
Node19	86	K	0.3806
Node19	87	R	0.9993
Node19	88	I	0.9992
Node19	89	S	0.9643
Node19	90	L	0.9999
Node19	91	S	0.9999
Node19	92	L	0.6492
Node19	93	K	0.9364
Node20	1	Q	0.4390
Node20	2	L	0.7264
Node20	3	Q	0.9223
Node20	4	V	0.8873
Node20	5	G	1.0000
Node20	6	E	0.3662
Node20	7	I	0.6018
Node20	8	I	0.3523
Node20	9	E	0.6888
Node20	10	G	1.0000
Node20	11	T	0.6081
Node20	12	V	0.9999
Node20	13	T	0.9710
Node20	14	N	0.4450
Node20	15	I	0.9030
Node20	16	T	0.9349
Node20	17	P	0.3670
Node20	18	N	0.1318
Node20	19	N	0.9488
Node20	20	F	0.9984
Node20	21	G	1.0000
Node20	22	A	0.9989
Node20	23	F	0.9997
Node20	24	V	1.0000
Node20	25	D	0.5797
Node20	26	I	0.8451
Node20	27	G	0.9942
Node20	28	G	0.2790
Node20	29	L	0.2609
Node20	30	N	0.1500
Node20	31	G	0.9999
Node20	32	V	0.7173
Node20	33	D	0.8175
Node20	34	G	1.0000
Node20	35	L	0.9999
Node20	36	V	0.9996
Node20	37	H	1.0000
Node20	38	I	0.9305
Node20	39	S	1.0000
Node20	40	V	0.2175
Node20	41	E	0.9705
Node20	42	L	0.9641
Node20	43	S	0.9980
Node20	44	N	0.5456
Node20	45	K	0.9765
Node20	46	H	0.9994
Node20	47	V	0.7148
Node20	48	K	0.4484
Node20	49	F	0.7996
Node20	50	D	0.5687
Node20	51	S	0.2442
Node20	52	N	0.6833
Node20	53	G	0.1855
Node20	54	E	0.1756
Node20	55	G	0.2314
Node20	56	V	0.1048
Node20	57	L	0.5280
Node20	58	I	0.2290
Node20	59	G	0.8891
Node20	60	E	0.9787
Node20	61	N	0.4385
Node20	62	P	0.9999
Node20	63	N	0.8048
Node20	64	E	0.9188
Node20	65	V	0.9297
Node20	66	V	0.6602
Node20	67	K	0.8017
Node20	68	V	0.9852
Node20	69	G	1.0000
Node20	70	D	0.9959
Node20	71	D	0.2248
Node20	72	D	0.1503
Node20	73	E	0.9789
Node20	74	V	0.9988
Node20	75	K	0.6620
Node20	76	V	0.9997
Node20	77	K	0.9986
Node20	78	V	0.9999
Node20	79	L	0.8789
Node20	80	D	0.7527
Node20	81	V	0.9987
Node20	82	D	0.9989
Node20	83	M	0.7394
Node20	84	D	0.8775
Node20	85	R	0.9268
Node20	86	K	0.4256
Node20	87	R	0.9997
Node20	88	I	0.9991
Node20	89	S	0.9809
Node20	90	L	0.9999
Node20	91	S	0.9999
Node20	92	L	0.6532
Node20	93	K	0.9284
Node21	1	Q	0.4390
Node21	2	L	0.7264
Node21	3	Q	0.9223
Node21	4	V	0.8873
Node21	5	G	1.0000
Node21	6	E	0.3662
Node21	7	I	0.6018
Node21	8	I	0.3523
Node21	9	E	0.6888
Node21	10	G	1.0000
Node21	11	T	0.6081
Node21	12	V	0.9999
Node21	13	T	0.9710
Node21	14	N	0.4450
Node21	15	I	0.9030
Node21	16	T	0.9349
Node21	17	P	0.3670
Node21	18	N	0.1318
Node21	19	N	0.9488
Node21	20	F	0.9984
Node21	21	G	1.0000
Node21	22	A	0.9989
Node21	23	F	0.9997
Node21	24	V	1.0000
Node21	25	D	0.5797
Node21	26	I	0.8451
Node21	27	G	0.9942
Node21	28	G	0.2790
Node21	29	L	0.2609
Node21	30	N	0.1500
Node21	31	G	0.9999
Node21	32	V	0.7173
Node21	33	D	0.8175
Node21	34	G	1.0000
Node21	35	L	0.9999
Node21	36	V	0.9996
Node21	37	H	1.0000
Node21	38	I	0.9305
Node21	39	S	1.0000
Node21	40	V	0.2175
Node21	41	E	0.9705
Node21	42	L	0.9641
Node21	43	S	0.9980
Node21	44	N	0.5456
Node21	45	K	0.9765
Node21	46	H	0.9994
Node21	47	V	0.7148
Node21	48	K	0.4484
Node21	49	F	0.7996
Node21	50	D	0.5687
Node21	51	S	0.2442
Node21	52	N	0.6833
Node21	53	G	0.1855
Node21	54	E	0.1756
Node21	55	G	0.2314
Node21	56	V	0.1048
Node21	57	L	0.5280
Node21	58	I	0.2290
Node21	59	G	0.8891
Node21	60	E	0.9787
Node21	61	N	0.4385
Node21	62	P	0.9999
Node21	63	N	0.8048
Node21	64	E	0.9188
Node21	65	V	0.9297
Node21	66	V	0.6602
Node21	67	K	0.8017
Node21	68	V	0.9852
Node21	69	G	1.0000
Node21	70	D	0.9959
Node21	71	D	0.2248
Node21	72	D	0.1503
Node21	73	E	0.9789
Node21	74	V	0.9988
Node21	75	K	0.6620
Node21	76	V	0.9997
Node21	77	K	0.9986
Node21	78	V	0.9999
Node21	79	L	0.8789
Node21	80	D	0.7527
Node21	81	V	0.9987
Node21	82	D	0.9989
Node21	83	M	0.7394
Node21	84	D	0.8775
Node21	85	R	0.9268
Node21	86	K	0.4256
Node21	87	R	0.9997
Node21	88	I	0.9991
Node21	89	S	0.9809
Node21	90	L	0.9999
Node21	91	S	0.9999
Node21	92	L	0.6532
Node21	93	K	0.9284
Node22	1	Q	0.5284
Node22	2	L	0.7519
Node22	3	Q	0.9300
Node22	4	V	0.7815
Node22	5	G	1.0000
Node22	6	E	0.3386
Node22	7	I	0.6522
Node22	8	I	0.3509
Node22	9	E	0.6420
Node22	10	G	1.0000
Node22	11	T	0.6066
Node22	12	V	0.9992
Node22	13	T	0.8984
Node22	14	N	0.5329
Node22	15	I	0.9520
Node22	16	T	0.9229
Node22	17	P	0.3575
Node22	18	N	0.1271
Node22	19	N	0.9295
Node22	20	F	0.9940
Node22	21	G	1.0000
Node22	22	A	0.9972
Node22	23	F	0.9993
Node22	24	V	0.9972
Node22	25	D	0.6405
Node22	26	L	0.7691
Node22	27	G	0.9872
Node22	28	G	0.3004
Node22	29	L	0.2554
Node22	30	N	0.1415
Node22	31	G	1.0000
Node22	32	V	0.7382
Node22	33	D	0.8651
Node22	34	G	1.0000
Node22	35	L	0.9992
Node22	36	V	0.9968
Node22	37	H	1.0000
Node22	38	I	0.8162
Node22	39	S	0.9999
Node22	40	V	0.2106
Node22	41	E	0.9849
Node22	42	L	0.9666
Node22	43	S	0.9992
Node22	44	W	0.9839
Node22	45	K	0.9686
Node22	46	H	0.9945
Node22	47	V	0.6227
Node22	48	K	0.4296
Node22	49	F	0.7667
Node22	50	D	0.5278
Node22	51	S	0.2269
Node22	52	N	0.6425
Node22	53	G	0.1786
Node22	54	E	0.1722
Node22	55	G	0.2224
Node22	56	L	0.1030
Node22	57	L	0.4999
Node22	58	L	0.2272
Node22	59	G	0.8850
Node22	60	E	0.8977
Node22	61	H	0.6975
Node22	62	P	0.9998
Node22	63	N	0.5017
Node22	64	E	0.9337
Node22	65	V	0.9132
Node22	66	V	0.6750
Node22	67	K	0.6805
Node22	68	V	0.9746
Node22	69	G	0.9999
Node22	70	D	0.9094
Node22	71	D	0.2171
Node22	72	D	0.1452
Node22	73	E	0.9903
Node22	74	V	0.9957
Node22	75	K	0.4972
Node22	76	V	0.9984
Node22	77	K	0.6958
Node22	78	V	0.9996
Node22	79	L	0.9415
Node22	80	D	0.7765
Node22	81	V	0.9982
Node22	82	D	0.9996
Node22	83	M	0.7785
Node22	84	D	0.9021
Node22	85	R	0.9256
Node22	86	E	0.4834
Node22	87	R	0.9994
Node22	88	I	0.9624
Node22	89	S	0.9900
Node22	90	L	0.9998
Node22	91	S	0.9942
Node22	92	L	0.7774
Node22	93	K	0.9750
Node23	1	K	0.3557
Node23	2	Y	0.4629
Node23	3	P	0.7875
Node23	4	V	0.7400
Node23	5	G	0.9998
Node23	6	E	0.2833
Node23	7	K	0.5816
Node23	8	I	0.4833
Node23	9	E	0.6684
Node23	10	G	1.0000
Node23	11	T	0.6424
Node23	12	V	0.9820
Node23	13	T	0.8831
Node23	14	N	0.7680
Node23	15	I	0.9517
Node23	16	T	0.9852
Node23	17	P	0.3273
Node23	18	S	0.1160
Node23	19	D	0.7633
Node23	20	F	0.8799
Node23	21	G	0.9999
Node23	22	A	0.9212
Node23	23	F	0.9952
Node23	24	V	0.9054
Node23	25	E	0.4590
Node23	26	L	0.9477
Node23	27	D	0.5055
Node23	28	G	0.3825
Node23	29	L	0.2389
Node23	30	D	0.1282
Node23	31	G	0.9993
Node23	32	I	0.4944
Node23	33	D	0.7962
Node23	34	G	0.9999
Node23	35	L	0.9843
Node23	36	V	0.9049
Node23	37	H	0.9999
Node23	38	I	0.7507
Node23	39	S	0.9991
Node23	40	V	0.1901
Node23	41	E	0.8765
Node23	42	L	0.7798
Node23	43	S	0.9951
Node23	44	W	0.9992
Node23	45	K	0.3735
Node23	46	R	0.4319
Node23	47	A	0.2658
Node23	48	K	0.3736
Node23	49	F	0.6662
Node23	50	D	0.4153
Node23	51	S	0.1816
Node23	52	N	0.5238
Node23	53	G	0.1578
Node23	54	E	0.1616
Node23	55	G	0.1953
Node23	56	L	0.1064
Node23	57	L	0.4210
Node23	58	L	0.2247
Node23	59	G	0.8785
Node23	60	E	0.8881
Node23	61	H	0.7249
Node23	62	P	0.9795
Node23	63	N	0.2306
Node23	64	E	0.5999
Node23	65	V	0.6393
Node23	66	L	0.4475
Node23	67	K	0.5618
Node23	68	T	0.5898
Node23	69	G	0.9806
Node23	70	D	0.8431
Node23	71	D	0.1936
Node23	72	D	0.1300
Node23	73	E	0.9796
Node23	74	V	0.9528
Node23	75	K	0.2969
Node23	76	V	0.9564
Node23	77	V	0.8825
Node23	78	V	0.9970
Node23	79	L	0.9532
Node23	80	D	0.5775
Node23	81	V	0.9912
Node23	82	D	0.9986
Node23	83	A	0.2431
Node23	84	D	0.7310
Node23	85	R	0.6355
Node23	86	E	0.4724
Node23	87	R	0.9960
Node23	88	I	0.9877
Node23	89	S	0.9798
Node23	90	L	0.9985
Node23	91	G	0.9651
Node23	92	L	0.7464
Node23	93	K	0.9888
Node24	1	S	0.4024
Node24	2	H	0.9601
Node24	3	P	0.7914
Node24	4	A	0.5888
Node24	5	G	0.9999
Node24	6	D	0.4216
Node24	7	R	0.3950
Node24	8	V	0.8944
Node24	9	E	0.9731
Node24	10	G	1.0000
Node24	11	K	0.4980
Node24	12	V	0.8428
Node24	13	K	0.9695
Node24	14	N	0.7337
Node24	15	I	0.9000
Node24	16	T	0.9968
Node24	17	P	0.2861
Node24	18	S	0.1035
Node24	19	D	0.7964
Node24	20	F	0.9877
Node24	21	G	0.9999
Node24	22	I	0.3948
Node24	23	F	0.9972
Node24	24	I	0.9500
Node24	25	G	0.9818
Node24	26	L	0.9945
Node24	27	D	0.9587
Node24	28	G	0.9819
Node24	29	L	0.2184
Node24	30	E	0.1141
Node24	31	G	0.9755
Node24	32	I	0.5069
Node24	33	D	0.9830
Node24	34	G	0.9999
Node24	35	L	0.8605
Node24	36	V	0.9926
Node24	37	H	1.0000
Node24	38	L	0.9306
Node24	39	S	0.9995
Node24	40	V	0.1654
Node24	41	D	0.9484
Node24	42	L	0.7500
Node24	43	S	0.9557
Node24	44	W	0.9999
Node24	45	N	0.9617
Node24	46	R	0.7069
Node24	47	A	0.5847
Node24	48	K	0.3061
Node24	49	F	0.5410
Node24	50	D	0.2989
Node24	51	A	0.1519
Node24	52	N	0.3882
Node24	53	G	0.1326
Node24	54	E	0.1475
Node24	55	G	0.1623
Node24	56	L	0.1077
Node24	57	L	0.3355
Node24	58	L	0.2104
Node24	59	G	0.9969
Node24	60	E	0.9837
Node24	61	Q	0.6326
Node24	62	A	0.6436
Node24	63	V	0.5972
Node24	64	E	0.5678
Node24	65	E	0.9424
Node24	66	F	0.7287
Node24	67	K	0.6446
Node24	68	K	0.9789
Node24	69	G	0.9996
Node24	70	D	0.9885
Node24	71	D	0.1647
Node24	72	D	0.1120
Node24	73	E	0.9351
Node24	74	V	0.7680
Node24	75	R	0.3558
Node24	76	A	0.9784
Node24	77	V	0.9825
Node24	78	V	0.9982
Node24	79	L	0.9799
Node24	80	D	0.5982
Node24	81	V	0.9948
Node24	82	D	0.9992
Node24	83	A	0.4398
Node24	84	D	0.6879
Node24	85	R	0.6100
Node24	86	E	0.9768
Node24	87	R	0.9977
Node24	88	I	0.9972
Node24	89	S	0.9897
Node24	90	L	0.9991
Node24	91	G	0.9997
Node24	92	I	0.5517
Node24	93	K	0.9968
Node25	1	Q	0.2795
Node25	2	L	0.7413
Node25	3	Q	0.9139
Node25	4	P	0.9625
Node25	5	G	1.0000
Node25	6	E	0.3305
Node25	7	I	0.6085
Node25	8	L	0.7715
Node25	9	E	0.9168
Node25	10	G	1.0000
Node25	11	T	0.6192
Node25	12	V	0.9991
Node25	13	T	0.9610
Node25	14	N	0.4702
Node25	15	I	0.7075
Node25	16	T	0.9237
Node25	17	P	0.3520
Node25	18	N	0.1244
Node25	19	N	0.9419
Node25	20	F	0.9975
Node25	21	G	1.0000
Node25	22	A	0.9980
Node25	23	F	0.9986
Node25	24	V	0.9991
Node25	25	D	0.5968
Node25	26	I	0.9491
Node25	27	G	0.9780
Node25	28	A	0.2678
Node25	29	L	0.2523
Node25	30	D	0.1371
Node25	31	G	0.9909
Node25	32	V	0.7124
Node25	33	D	0.8053
Node25	34	G	1.0000
Node25	35	L	0.9991
Node25	36	V	0.9989
Node25	37	H	1.0000
Node25	38	I	0.9477
Node25	39	S	0.9997
Node25	40	V	0.2067
Node25	41	E	0.6216
Node25	42	L	0.9363
Node25	43	S	0.9988
Node25	44	N	0.8199
Node25	45	K	0.9832
Node25	46	H	0.9772
Node25	47	V	0.6960
Node25	48	K	0.4190
Node25	49	F	0.7479
Node25	50	D	0.5054
Node25	51	S	0.2176
Node25	52	N	0.6197
Node25	53	G	0.1747
Node25	54	E	0.1703
Node25	55	G	0.2173
Node25	56	L	0.1038
Node25	57	L	0.4844
Node25	58	L	0.2274
Node25	59	G	0.8096
Node25	60	E	0.9504
Node25	61	N	0.3937
Node25	62	P	0.9999
Node25	63	H	0.8341
Node25	64	E	0.8916
Node25	65	V	0.9228
Node25	66	V	0.6592
Node25	67	K	0.8182
Node25	68	A	0.5573
Node25	69	G	1.0000
Node25	70	D	0.9649
Node25	71	D	0.2127
Node25	72	D	0.1423
Node25	73	T	0.4159
Node25	74	V	0.9951
Node25	75	K	0.8732
Node25	76	V	0.9974
Node25	77	K	0.9984
Node25	78	V	0.9991
Node25	79	L	0.9431
Node25	80	D	0.7204
Node25	81	V	0.9970
Node25	82	D	0.9832
Node25	83	M	0.5616
Node25	84	D	0.5368
Node25	85	R	0.8990
Node25	86	K	0.5416
Node25	87	R	0.9987
Node25	88	I	0.9985
Node25	89	S	0.9099
Node25	90	L	0.9995
Node25	91	S	0.9613
Node25	92	M	0.7848
Node25	93	R	0.7574
Node26	1	Q	0.2384
Node26	2	P	0.6353
Node26	3	Q	0.7302
Node26	4	V	0.6956
Node26	5	G	0.9973
Node26	6	E	0.4979
Node26	7	V	0.6466
Node26	8	I	0.4421
Node26	9	E	0.6905
Node26	10	G	0.9996
Node26	11	T	0.3486
Node26	12	V	0.9417
Node26	13	T	0.5793
Node26	14	N	0.2397
Node26	15	V	0.6285
Node26	16	T	0.8075
Node26	17	P	0.3297
Node26	18	S	0.1168
Node26	19	N	0.8481
Node26	20	F	0.8916
Node26	21	G	0.9999
Node26	22	V	0.3837
Node26	23	F	0.9073
Node26	24	V	0.9942
Node26	25	D	0.3695
Node26	26	I	0.5223
Node26	27	G	0.9780
Node26	28	D	0.2847
Node26	29	L	0.4060
Node26	30	D	0.1290
Node26	31	P	0.4935
Node26	32	V	0.5639
Node26	33	D	0.9048
Node26	34	G	0.9994
Node26	35	L	0.9912
Node26	36	V	0.9891
Node26	37	H	0.9997
Node26	38	I	0.7176
Node26	39	S	0.9970
Node26	40	V	0.1916
Node26	41	E	0.4642
Node26	42	L	0.7959
Node26	43	S	0.8023
Node26	44	D	0.4688
Node26	45	D	0.5851
Node26	46	H	0.8070
Node26	47	V	0.2996
Node26	48	K	0.5362
Node26	49	F	0.9811
Node26	50	D	0.8713
Node26	51	S	0.3399
Node26	52	N	0.7340
Node26	53	G	0.2569
Node26	54	E	0.1625
Node26	55	G	0.2777
Node26	56	R	0.1453
Node26	57	L	0.7661
Node26	58	I	0.3016
Node26	59	G	0.9646
Node26	60	E	0.9511
Node26	61	N	0.3059
Node26	62	P	0.3891
Node26	63	N	0.5569
Node26	64	E	0.6532
Node26	65	T	0.4074
Node26	66	I	0.4317
Node26	67	K	0.5212
Node26	68	V	0.5782
Node26	69	G	0.9992
Node26	70	D	0.9757
Node26	71	D	0.2633
Node26	72	D	0.1765
Node26	73	R	0.3749
Node26	74	V	0.9555
Node26	75	K	0.4752
Node26	76	V	0.9539
Node26	77	K	0.8183
Node26	78	V	0.8048
Node26	79	L	0.4657
Node26	80	S	0.3341
Node26	81	V	0.9227
Node26	82	N	0.5215
Node26	83	M	0.6064
Node26	84	D	0.8618
Node26	85	R	0.5047
Node26	86	K	0.3590
Node26	87	R	0.6079
Node26	88	I	0.9768
Node26	89	S	0.4924
Node26	90	F	0.7842
Node26	91	S	0.9610
Node26	92	L	0.6974
Node26	93	K	0.5165
Node27	1	T	0.2370
Node27	2	P	0.8926
Node27	3	L	0.2503
Node27	4	V	0.5575
Node27	5	G	0.9756
Node27	6	E	0.6639
Node27	7	V	0.6962
Node27	8	I	0.5207
Node27	9	E	0.7727
Node27	10	G	0.9964
Node27	11	T	0.2787
Node27	12	V	0.9593
Node27	13	T	0.5188
Node27	14	Q	0.3890
Node27	15	V	0.7233
Node27	16	T	0.3802
Node27	17	P	0.3142
Node27	18	S	0.1118
Node27	19	N	0.8416
Node27	20	F	0.7552
Node27	21	G	0.9998
Node27	22	V	0.4629
Node27	23	F	0.7853
Node27	24	V	0.9873
Node27	25	D	0.3609
Node27	26	I	0.4665
Node27	27	G	0.9879
Node27	28	D	0.2425
Node27	29	L	0.3770
Node27	30	D	0.1235
Node27	31	P	0.9247
Node27	32	V	0.5731
Node27	33	D	0.8943
Node27	34	G	0.9949
Node27	35	L	0.9769
Node27	36	V	0.9776
Node27	37	H	0.9967
Node27	38	I	0.6991
Node27	39	S	0.9883
Node27	40	V	0.1819
Node27	41	Q	0.4154
Node27	42	L	0.5005
Node27	43	S	0.6705
Node27	44	D	0.5773
Node27	45	D	0.6693
Node27	46	H	0.6371
Node27	47	L	0.3713
Node27	48	K	0.6208
Node27	49	F	0.9876
Node27	50	D	0.8972
Node27	51	S	0.4232
Node27	52	N	0.8077
Node27	53	R	0.3082
Node27	54	E	0.1571
Node27	55	G	0.3663
Node27	56	I	0.1506
Node27	57	L	0.7801
Node27	58	I	0.3607
Node27	59	G	0.9552
Node27	60	E	0.9248
Node27	61	N	0.2386
Node27	62	S	0.4400
Node27	63	N	0.4582
Node27	64	E	0.5883
Node27	65	T	0.3364
Node27	66	I	0.5334
Node27	67	K	0.4186
Node27	68	V	0.5094
Node27	69	G	0.9940
Node27	70	D	0.9475
Node27	71	D	0.2855
Node27	72	D	0.1920
Node27	73	R	0.4138
Node27	74	V	0.9274
Node27	75	R	0.4664
Node27	76	V	0.8487
Node27	77	K	0.7958
Node27	78	I	0.5102
Node27	79	I	0.3927
Node27	80	S	0.4192
Node27	81	V	0.6341
Node27	82	N	0.4300
Node27	83	M	0.4326
Node27	84	D	0.7971
Node27	85	R	0.4467
Node27	86	K	0.3271
Node27	87	R	0.4956
Node27	88	I	0.9428
Node27	89	S	0.4009
Node27	90	F	0.7961
Node27	91	S	0.8325
Node27	92	L	0.6186
Node27	93	K	0.4158
Node28	1	R	0.9317
Node28	2	P	0.9996
Node28	3	F	0.9837
Node28	4	K	0.9764
Node28	5	G	0.9998
Node28	6	E	0.9857
Node28	7	V	0.8226
Node28	8	V	0.7693
Node28	9	D	0.8400
Node28	10	A	0.9002
Node28	11	V	0.9022
Node28	12	V	0.9972
Node28	13	T	0.9841
Node28	14	Q	0.7893
Node28	15	V	0.9782
Node28	16	N	0.9774
Node28	17	P	0.2165
Node28	18	A	0.0879
Node28	19	K	0.9452
Node28	20	V	0.4583
Node28	21	G	0.9999
Node28	22	L	0.5982
Node28	23	F	0.9787
Node28	24	V	0.4416
Node28	25	E	0.9628
Node28	26	I	0.7042
Node28	27	G	0.9990
Node28	28	E	0.1127
Node28	29	L	0.2430
Node28	30	E	0.1042
Node28	31	P	0.9999
Node28	32	M	0.7537
Node28	33	S	0.4944
Node28	34	C	0.7715
Node28	35	F	0.9974
Node28	36	V	0.5621
Node28	37	S	0.9829
Node28	38	R	0.6433
Node28	39	H	0.9991
Node28	40	L	0.1487
Node28	41	S	0.5403
Node28	42	I	0.9480
Node28	43	P	0.9994
Node28	44	S	0.4154
Node28	45	E	0.5335
Node28	46	M	0.9714
Node28	47	E	0.9371
Node28	48	K	0.3015
Node28	49	F	0.9987
Node28	50	D	0.8467
Node28	51	P	0.4862
Node28	52	N	0.8122
Node28	53	S	0.8698
Node28	54	E	0.1245
Node28	55	N	0.8756
Node28	56	P	0.9509
Node28	57	P	0.9986
Node28	58	C	0.7050
Node28	59	Y	0.9870
Node28	60	K	0.7179
Node28	61	T	0.9300
Node28	62	S	0.2706
Node28	63	D	0.9534
Node28	64	E	0.7899
Node28	65	D	0.4447
Node28	66	I	0.8084
Node28	67	V	0.3053
Node28	68	I	0.9722
Node28	69	Q	0.9803
Node28	70	Q	0.7110
Node28	71	D	0.7430
Node28	72	D	0.5682
Node28	73	E	0.9384
Node28	74	I	0.8149
Node28	75	R	0.9722
Node28	76	L	0.9421
Node28	77	K	0.9947
Node28	78	I	0.9934
Node28	79	V	0.7562
Node28	80	G	0.9977
Node28	81	T	0.9838
Node28	82	R	0.9855
Node28	83	V	0.8908
Node28	84	D	0.9611
Node28	85	K	0.7104
Node28	86	N	0.6838
Node28	87	D	0.4703
Node28	88	I	0.9963
Node28	89	S	0.1282
Node28	90	F	0.9960
Node28	91	A	0.9574
Node28	92	I	0.8121
Node28	93	G	0.9980
Node29	1	R	0.8962
Node29	2	P	0.9998
Node29	3	F	0.9881
Node29	4	K	0.9808
Node29	5	G	0.9999
Node29	6	E	0.9872
Node29	7	V	0.6467
Node29	8	V	0.6083
Node29	9	D	0.7318
Node29	10	A	0.8930
Node29	11	V	0.8701
Node29	12	V	0.9974
Node29	13	T	0.9716
Node29	14	Q	0.5097
Node29	15	V	0.9653
Node29	16	N	0.9656
Node29	17	P	0.2069
Node29	18	A	0.0876
Node29	19	K	0.9178
Node29	20	M	0.4552
Node29	21	G	0.9999
Node29	22	F	0.9071
Node29	23	F	0.9567
Node29	24	V	0.4916
Node29	25	E	0.9427
Node29	26	V	0.6621
Node29	27	G	0.9990
Node29	28	E	0.1086
Node29	29	L	0.2331
Node29	30	E	0.1025
Node29	31	P	1.0000
Node29	32	M	0.6286
Node29	33	Q	0.4884
Node29	34	V	0.6096
Node29	35	F	0.9990
Node29	36	V	0.8647
Node29	37	S	0.9666
Node29	38	K	0.7368
Node29	39	H	0.9999
Node29	40	L	0.1474
Node29	41	L	0.8394
Node29	42	I	0.9207
Node29	43	P	1.0000
Node29	44	D	0.4578
Node29	45	D	0.8062
Node29	46	M	0.9519
Node29	47	E	0.9165
Node29	48	K	0.2798
Node29	49	F	0.9988
Node29	50	D	0.4799
Node29	51	A	0.8116
Node29	52	G	0.9381
Node29	53	S	0.7897
Node29	54	E	0.1214
Node29	55	N	0.7640
Node29	56	P	0.9252
Node29	57	P	0.9998
Node29	58	S	0.3574
Node29	59	Y	0.9922
Node29	60	K	0.4713
Node29	61	T	0.8986
Node29	62	S	0.6066
Node29	63	D	0.9248
Node29	64	E	0.4560
Node29	65	S	0.4534
Node29	66	I	0.6280
Node29	67	K	0.3501
Node29	68	I	0.9751
Node29	69	Q	0.9701
Node29	70	Q	0.4317
Node29	71	E	0.5006
Node29	72	C	0.2680
Node29	73	E	0.9128
Node29	74	I	0.6906
Node29	75	R	0.9740
Node29	76	L	0.9290
Node29	77	K	0.9958
Node29	78	I	0.9963
Node29	79	V	0.5757
Node29	80	G	0.9995
Node29	81	T	0.9747
Node29	82	R	0.9823
Node29	83	V	0.8538
Node29	84	D	0.9184
Node29	85	A	0.5538
Node29	86	T	0.3873
Node29	87	S	0.4068
Node29	88	I	0.9965
Node29	89	S	0.1177
Node29	90	F	0.9857
Node29	91	A	0.9168
Node29	92	I	0.6290
Node29	93	G	0.9997
